show databases;
create database carsales_india;
use carsales_india;

# Table Calendar

create table calendar
(Sales_Year year, Sales_Month varchar(15));

insert into calendar
values
("2022","January"),
("2022","February"),
("2022","March"),
("2022","April"),
("2022","May"),
("2022","June"),
("2022","July"),
("2022","August"),
("2022","September"),
("2022","October"),
("2022","November"),
("2022","December");
select * from calendar;

# Table Car Price
create table CarPrice_2022
(Model varchar(100), Base_Price int, Top_Price int);
insert into carprice_2022
values
("Nexon",780000,1435000),
("Punch",599900,946900),
("Tiago",553900,804899),
("Altroz",644900,1039899),
("Tigor",619900,889900),
("Harrier",1499900,2406900),
("Safari",1564900,2501500),
("Camry",4525000,4525000),
("Fortuner",3259000,5034000),
("Velllfire",9655000,9655000),
("Hilux",3040000,3790000),
("Glanza",666000,998900),
("UC Hyryder",1048000,1949000),
("Innova Crysta",1809900,2677000),
("Urban Cruiser",902500,1173000),
("Octavia",2735000,3045000),
("Superb",3419000,3729000),
("Kodiaq",3799000,4139000),
("Kusahq",1159000,1969000),
("Slavia",1139000,1867999),
("Taigun",1161900,1905900),
("Tiguan",3349900,3349900),
("Virtus",1147900,1856900),
("Polo",582500,1025000),
("Vento",869000,1479000),
("Triber",633500,897500),
("Kiger",649990,1122990),
("Kwid",469500,632500),
("Kicks",949990,1490000),
("Magnite",599900,1102000),
("Redi Go",383800,495600),
("Hector",1499800,2211800),
("Gloster",3807800,4237800),
("Astor",1051800,1868800),
("Alto",399000,596000),
("Dzire",651500,938750),
("Eeco",527000,653000),
("Swift",599450,903000),
("Celerio",536500,714500),
("Wagon R",554500,742500),
("Brezza",784000,1149000),
("Ertiga",864000,1308000),
("S Presso",426500,611500),
("Ciaz",930000,1229000),
("Ignis",584000,816000),
("Grand Vitara",1070000,1995000),
("Baleno",661000,988000),
("XL 6",1156000,1466000),
("S Cross",895000,1292000),
("Citroen C5 Aircross",3717000,3717000),
("Citroen C3",616000,825000),
("Marazzo",1370800,1603200),
("Scorpio",1305499,2451500),
("Thar",1054499,1677501),
("XUV 300",841501,1459599),
("Bolero Neo",962800,1214000),
("XUV 700",1400800,2618500),
("KUV 100",618009,784272),
("Alturus",2770000,3187911),
("Sonet",779000,1489000),
("Carens",1044900,1894900),
("Seltos",1089000,1965000),
("Amaze",699000,960000),
("City",1149000,1597000),
("Jazz",801100,1032300),
("WRV",910900,1231100),
("Creta",1087000,1920199),
("i20",745900,1187800),
("Grand i10 Nios",573400,851400),
("Verna",1089800,1737900),
("Aura",632500,890300),
("Alcazar",1677500,2112600),
("Tuscon",2863100,3546300),
("Venue",771600,1318200),
("Santro",425493,644690),
("Jeep Compass",2144000,3164000),
("Jeep Meridian",3295000,3851833);
select * from carprice_2022;

# Table Sales 2022
create table Sales_2022
(OEM varchar(50), Model varchar(100), OEM_Model varchar(200), Sales_Year year, Sales_Month varchar(30), Sales_Unit int);

insert into Sales_2022
values
("Tata","Nexon","Tata Nexon","2022","January",13816),
("Tata","Nexon","Tata Nexon","2022","February",12259),
("Tata","Nexon","Tata Nexon","2022","March",14315),
("Tata","Nexon","Tata Nexon","2022","April",13471),
("Tata","Nexon","Tata Nexon","2022","May",14614),
("Tata","Nexon","Tata Nexon","2022","June",14295),
("Tata","Nexon","Tata Nexon","2022","July",14214),
("Tata","Nexon","Tata Nexon","2022","August",15085),
("Tata","Nexon","Tata Nexon","2022","September",14518),
("Tata","Nexon","Tata Nexon","2022","October",13767),
("Tata","Nexon","Tata Nexon","2022","November",15871),
("Tata","Nexon","Tata Nexon","2022","December",12053),
("Tata","Punch","Tata Punch","2022","January",10027),
("Tata","Punch","Tata Punch","2022","February",9592),
("Tata","Punch","Tata Punch","2022","March",10526),
("Tata","Punch","Tata Punch","2022","April",10132),
("Tata","Punch","Tata Punch","2022","May",10241),
("Tata","Punch","Tata Punch","2022","June",10414),
("Tata","Punch","Tata Punch","2022","July",11007),
("Tata","Punch","Tata Punch","2022","August",12006),
("Tata","Punch","Tata Punch","2022","September",12251),
("Tata","Punch","Tata Punch","2022","October",10982),
("Tata","Punch","Tata Punch","2022","November",12131),
("Tata","Punch","Tata Punch","2022","December",10586),
("Tata","Tiago","Tata Tiago","2022","January",5195),
("Tata","Tiago","Tata Tiago","2022","February",4489),
("Tata","Tiago","Tata Tiago","2022","March",4002),
("Tata","Tiago","Tata Tiago","2022","April",5062),
("Tata","Tiago","Tata Tiago","2022","May",4913),
("Tata","Tiago","Tata Tiago","2022","June",5363),
("Tata","Tiago","Tata Tiago","2022","July",6159),
("Tata","Tiago","Tata Tiago","2022","August",7209),
("Tata","Tiago","Tata Tiago","2022","September",6936),
("Tata","Tiago","Tata Tiago","2022","October",7187),
("Tata","Tiago","Tata Tiago","2022","November",5097),
("Tata","Tiago","Tata Tiago","2022","December",6052),
("Tata","Altroz","Tata Altroz","2022","January",4525),
("Tata","Altroz","Tata Altroz","2022","February",5011),
("Tata","Altroz","Tata Altroz","2022","March",4727),
("Tata","Altroz","Tata Altroz","2022","April",4266),
("Tata","Altroz","Tata Altroz","2022","May",4561),
("Tata","Altroz","Tata Altroz","2022","June",5310),
("Tata","Altroz","Tata Altroz","2022","July",5678),
("Tata","Altroz","Tata Altroz","2022","August",4968),
("Tata","Altroz","Tata Altroz","2022","September",5227),
("Tata","Altroz","Tata Altroz","2022","October",4770),
("Tata","Altroz","Tata Altroz","2022","November",5084),
("Tata","Altroz","Tata Altroz","2022","December",4055),
("Tata","Tigor","Tata Tigor","2022","January",2952),
("Tata","Tigor","Tata Tigor","2022","February",4091),
("Tata","Tigor","Tata Tigor","2022","March",4007),
("Tata","Tigor","Tata Tigor","2022","April",3803),
("Tata","Tigor","Tata Tigor","2022","May",3975),
("Tata","Tigor","Tata Tigor","2022","June",4931),
("Tata","Tigor","Tata Tigor","2022","July",5433),
("Tata","Tigor","Tata Tigor","2022","August",3486),
("Tata","Tigor","Tata Tigor","2022","September",3700),
("Tata","Tigor","Tata Tigor","2022","October",4001),
("Tata","Tigor","Tata Tigor","2022","November",4301),
("Tata","Tigor","Tata Tigor","2022","December",3669),
("Tata","Harrier","Tata Harrier","2022","January",2702),
("Tata","Harrier","Tata Harrier","2022","February",2619),
("Tata","Harrier","Tata Harrier","2022","March",2491),
("Tata","Harrier","Tata Harrier","2022","April",2785),
("Tata","Harrier","Tata Harrier","2022","May",2794),
("Tata","Harrier","Tata Harrier","2022","June",3015),
("Tata","Harrier","Tata Harrier","2022","July",3254),
("Tata","Harrier","Tata Harrier","2022","August",2596),
("Tata","Harrier","Tata Harrier","2022","September",2993),
("Tata","Harrier","Tata Harrier","2022","October",2762),
("Tata","Harrier","Tata Harrier","2022","November",2119),
("Tata","Harrier","Tata Harrier","2022","December",2128),
("Tata","Safari","Tata Safari","2022","January",1563),
("Tata","Safari","Tata Safari","2022","February",1919),
("Tata","Safari","Tata Safari","2022","March",2227),
("Tata","Safari","Tata Safari","2022","April",2071),
("Tata","Safari","Tata Safari","2022","May",2242),
("Tata","Safari","Tata Safari","2022","June",1869),
("Tata","Safari","Tata Safari","2022","July",1761),
("Tata","Safari","Tata Safari","2022","August",1820),
("Tata","Safari","Tata Safari","2022","September",2030),
("Tata","Safari","Tata Safari","2022","October",1751),
("Tata","Safari","Tata Safari","2022","November",1437),
("Tata","Safari","Tata Safari","2022","December",1502),
("Toyota","Camry","Toyota Camry","2022","January",141),
("Toyota","Camry","Toyota Camry","2022","February",161),
("Toyota","Camry","Toyota Camry","2022","March",120),
("Toyota","Camry","Toyota Camry","2022","April",129),
("Toyota","Camry","Toyota Camry","2022","May",106),
("Toyota","Camry","Toyota Camry","2022","June",89),
("Toyota","Camry","Toyota Camry","2022","July",63),
("Toyota","Camry","Toyota Camry","2022","August",62),
("Toyota","Camry","Toyota Camry","2022","September",68),
("Toyota","Camry","Toyota Camry","2022","October",59),
("Toyota","Camry","Toyota Camry","2022","November",118),
("Toyota","Camry","Toyota Camry","2022","December",71),
("Toyota","Fortuner","Toyota Fortuner","2022","January",811),
("Toyota","Fortuner","Toyota Fortuner","2022","February",1848),
("Toyota","Fortuner","Toyota Fortuner","2022","March",2984),
("Toyota","Fortuner","Toyota Fortuner","2022","April",2022),
("Toyota","Fortuner","Toyota Fortuner","2022","May",1184),
("Toyota","Fortuner","Toyota Fortuner","2022","June",3133),
("Toyota","Fortuner","Toyota Fortuner","2022","July",3000),
("Toyota","Fortuner","Toyota Fortuner","2022","August",2581),
("Toyota","Fortuner","Toyota Fortuner","2022","September",2935),
("Toyota","Fortuner","Toyota Fortuner","2022","October",2031),
("Toyota","Fortuner","Toyota Fortuner","2022","November",1967),
("Toyota","Fortuner","Toyota Fortuner","2022","December",1603),
("Toyota","Vellfire","Toyota Vellfire","2022","January",6),
("Toyota","Vellfire","Toyota Vellfire","2022","February",31),
("Toyota","Vellfire","Toyota Vellfire","2022","March",0),
("Toyota","Vellfire","Toyota Vellfire","2022","April",105),
("Toyota","Vellfire","Toyota Vellfire","2022","May",44),
("Toyota","Vellfire","Toyota Vellfire","2022","June",48),
("Toyota","Vellfire","Toyota Vellfire","2022","July",44),
("Toyota","Vellfire","Toyota Vellfire","2022","August",118),
("Toyota","Vellfire","Toyota Vellfire","2022","September",50),
("Toyota","Vellfire","Toyota Vellfire","2022","October",88),
("Toyota","Vellfire","Toyota Vellfire","2022","November",109),
("Toyota","Vellfire","Toyota Vellfire","2022","December",40),
("Toyota","Hilux","Toyota Hilux","2022","January",0),
("Toyota","Hilux","Toyota Hilux","2022","February",0),
("Toyota","Hilux","Toyota Hilux","2022","March",43),
("Toyota","Hilux","Toyota Hilux","2022","April",308),
("Toyota","Hilux","Toyota Hilux","2022","May",65),
("Toyota","Hilux","Toyota Hilux","2022","June",17),
("Toyota","Hilux","Toyota Hilux","2022","July",2),
("Toyota","Hilux","Toyota Hilux","2022","August",20),
("Toyota","Hilux","Toyota Hilux","2022","September",2),
("Toyota","Hilux","Toyota Hilux","2022","October",75),
("Toyota","Hilux","Toyota Hilux","2022","November",37),
("Toyota","Hilux","Toyota Hilux","2022","December",5),
("Toyota","Glanza","Toyota Glanza","2022","January",1347),
("Toyota","Glanza","Toyota Glanza","2022","February",0),
("Toyota","Glanza","Toyota Glanza","2022","March",2987),
("Toyota","Glanza","Toyota Glanza","2022","April",2646),
("Toyota","Glanza","Toyota Glanza","2022","May",2952),
("Toyota","Glanza","Toyota Glanza","2022","June",1129),
("Toyota","Glanza","Toyota Glanza","2022","July",2960),
("Toyota","Glanza","Toyota Glanza","2022","August",3011),
("Toyota","Glanza","Toyota Glanza","2022","September",3528),
("Toyota","Glanza","Toyota Glanza","2022","October",3767),
("Toyota","Glanza","Toyota Glanza","2022","November",4393),
("Toyota","Glanza","Toyota Glanza","2022","December",4465),
("Toyota","UC Hyryder","Toyota UC Hyryder","2022","January",0),
("Toyota","UC Hyryder","Toyota UC Hyryder","2022","February",0),
("Toyota","UC Hyryder","Toyota UC Hyryder","2022","March",0),
("Toyota","UC Hyryder","Toyota UC Hyryder","2022","April",0),
("Toyota","UC Hyryder","Toyota UC Hyryder","2022","May",0),
("Toyota","UC Hyryder","Toyota UC Hyryder","2022","June",0),
("Toyota","UC Hyryder","Toyota UC Hyryder","2022","July",0),
("Toyota","UC Hyryder","Toyota UC Hyryder","2022","August",0),
("Toyota","UC Hyryder","Toyota UC Hyryder","2022","September",1163),
("Toyota","UC Hyryder","Toyota UC Hyryder","2022","October",3384),
("Toyota","UC Hyryder","Toyota UC Hyryder","2022","November",3116),
("Toyota","UC Hyryder","Toyota UC Hyryder","2022","December",4201),
("Toyota","Innova Crysta","Toyota Innova Crysta","2022","January",2433),
("Toyota","Innova Crysta","Toyota Innova Crysta","2022","February",4318),
("Toyota","Innova Crysta","Toyota Innova Crysta","2022","March",7917),
("Toyota","Innova Crysta","Toyota Innova Crysta","2022","April",6351),
("Toyota","Innova Crysta","Toyota Innova Crysta","2022","May",2737),
("Toyota","Innova Crysta","Toyota Innova Crysta","2022","June",6795),
("Toyota","Innova Crysta","Toyota Innova Crysta","2022","July",6900),
("Toyota","Innova Crysta","Toyota Innova Crysta","2022","August",6036),
("Toyota","Innova Crysta","Toyota Innova Crysta","2022","September",7282),
("Toyota","Innova Crysta","Toyota Innova Crysta","2022","October",3739),
("Toyota","Innova Crysta","Toyota Innova Crysta","2022","November",2025),
("Toyota","Innova Crysta","Toyota Innova Crysta","2022","December",36),
("Toyota","Urban Cruiser","Toyota Urban Cruiser","2022","January",2590),
("Toyota","Urban Cruiser","Toyota Urban Cruiser","2022","February",2387),
("Toyota","Urban Cruiser","Toyota Urban Cruiser","2022","March",3079),
("Toyota","Urban Cruiser","Toyota Urban Cruiser","2022","April",3524),
("Toyota","Urban Cruiser","Toyota Urban Cruiser","2022","May",3128),
("Toyota","Urban Cruiser","Toyota Urban Cruiser","2022","June",5301),
("Toyota","Urban Cruiser","Toyota Urban Cruiser","2022","July",6724),
("Toyota","Urban Cruiser","Toyota Urban Cruiser","2022","August",3131),
("Toyota","Urban Cruiser","Toyota Urban Cruiser","2022","September",350),
("Toyota","Urban Cruiser","Toyota Urban Cruiser","2022","October",0),
("Toyota","Urban Cruiser","Toyota Urban Cruiser","2022","November",0),
("Toyota","Urban Cruiser","Toyota Urban Cruiser","2022","December",0),
("Skoda","Octavia","Skoda Octavia","2022","January",166),
("Skoda","Octavia","Skoda Octavia","2022","February",168),
("Skoda","Octavia","Skoda Octavia","2022","March",180),
("Skoda","Octavia","Skoda Octavia","2022","April",147),
("Skoda","Octavia","Skoda Octavia","2022","May",74),
("Skoda","Octavia","Skoda Octavia","2022","June",57),
("Skoda","Octavia","Skoda Octavia","2022","July",231),
("Skoda","Octavia","Skoda Octavia","2022","August",119),
("Skoda","Octavia","Skoda Octavia","2022","September",121),
("Skoda","Octavia","Skoda Octavia","2022","October",124),
("Skoda","Octavia","Skoda Octavia","2022","November",104),
("Skoda","Octavia","Skoda Octavia","2022","December",129),
("Skoda","Superb","Skoda Superb","2022","January",122),
("Skoda","Superb","Skoda Superb","2022","February",99),
("Skoda","Superb","Skoda Superb","2022","March",180),
("Skoda","Superb","Skoda Superb","2022","April",74),
("Skoda","Superb","Skoda Superb","2022","May",152),
("Skoda","Superb","Skoda Superb","2022","June",139),
("Skoda","Superb","Skoda Superb","2022","July",147),
("Skoda","Superb","Skoda Superb","2022","August",135),
("Skoda","Superb","Skoda Superb","2022","September",190),
("Skoda","Superb","Skoda Superb","2022","October",143),
("Skoda","Superb","Skoda Superb","2022","November",160),
("Skoda","Superb","Skoda Superb","2022","December",110),
("Skoda","Kodiaq","Skoda Kodiaq","2022","January",113),
("Skoda","Kodiaq","Skoda Kodiaq","2022","February",67),
("Skoda","Kodiaq","Skoda Kodiaq","2022","March",125),
("Skoda","Kodiaq","Skoda Kodiaq","2022","April",87),
("Skoda","Kodiaq","Skoda Kodiaq","2022","May",106),
("Skoda","Kodiaq","Skoda Kodiaq","2022","June",79),
("Skoda","Kodiaq","Skoda Kodiaq","2022","July",110),
("Skoda","Kodiaq","Skoda Kodiaq","2022","August",151),
("Skoda","Kodiaq","Skoda Kodiaq","2022","September",71),
("Skoda","Kodiaq","Skoda Kodiaq","2022","October",55),
("Skoda","Kodiaq","Skoda Kodiaq","2022","November",138),
("Skoda","Kodiaq","Skoda Kodiaq","2022","December",107),
("Skoda","Kusahq","Skoda Kusahq","2022","January",2608),
("Skoda","Kusahq","Skoda Kusahq","2022","February",2307),
("Skoda","Kusahq","Skoda Kusahq","2022","March",2499),
("Skoda","Kusahq","Skoda Kusahq","2022","April",2413),
("Skoda","Kusahq","Skoda Kusahq","2022","May",1806),
("Skoda","Kusahq","Skoda Kusahq","2022","June",2983),
("Skoda","Kusahq","Skoda Kusahq","2022","July",2046),
("Skoda","Kusahq","Skoda Kusahq","2022","August",1876),
("Skoda","Kusahq","Skoda Kusahq","2022","September",2224),
("Skoda","Kusahq","Skoda Kusahq","2022","October",1691),
("Skoda","Kusahq","Skoda Kusahq","2022","November",2009),
("Skoda","Kusahq","Skoda Kusahq","2022","December",2186),
("Skoda","Slavia","Skoda Slavia","2022","January",0),
("Skoda","Slavia","Skoda Slavia","2022","February",1862),
("Skoda","Slavia","Skoda Slavia","2022","March",2665),
("Skoda","Slavia","Skoda Slavia","2022","April",2431),
("Skoda","Slavia","Skoda Slavia","2022","May",2431),
("Skoda","Slavia","Skoda Slavia","2022","June",2765),
("Skoda","Slavia","Skoda Slavia","2022","July",1895),
("Skoda","Slavia","Skoda Slavia","2022","August",1941),
("Skoda","Slavia","Skoda Slavia","2022","September",937),
("Skoda","Slavia","Skoda Slavia","2022","October",1376),
("Skoda","Slavia","Skoda Slavia","2022","November",2022),
("Skoda","Slavia","Skoda Slavia","2022","December",2257),
("Volkswagen","Taigun","Volkswagen Taigun","2022","January",2432),
("Volkswagen","Taigun","Volkswagen Taigun","2022","February",2388),
("Volkswagen","Taigun","Volkswagen Taigun","2022","March",2380),
("Volkswagen","Taigun","Volkswagen Taigun","2022","April",2631),
("Volkswagen","Taigun","Volkswagen Taigun","2022","May",1268),
("Volkswagen","Taigun","Volkswagen Taigun","2022","June",1327),
("Volkswagen","Taigun","Volkswagen Taigun","2022","July",1408),
("Volkswagen","Taigun","Volkswagen Taigun","2022","August",1019),
("Volkswagen","Taigun","Volkswagen Taigun","2022","September",1994),
("Volkswagen","Taigun","Volkswagen Taigun","2022","October",2355),
("Volkswagen","Taigun","Volkswagen Taigun","2022","November",1979),
("Volkswagen","Taigun","Volkswagen Taigun","2022","December",2691),
("Volkswagen","Tiguan","Volkswagen Tiguan","2022","January",61),
("Volkswagen","Tiguan","Volkswagen Tiguan","2022","February",130),
("Volkswagen","Tiguan","Volkswagen Tiguan","2022","March",31),
("Volkswagen","Tiguan","Volkswagen Tiguan","2022","April",131),
("Volkswagen","Tiguan","Volkswagen Tiguan","2022","May",54),
("Volkswagen","Tiguan","Volkswagen Tiguan","2022","June",60),
("Volkswagen","Tiguan","Volkswagen Tiguan","2022","July",124),
("Volkswagen","Tiguan","Volkswagen Tiguan","2022","August",155),
("Volkswagen","Tiguan","Volkswagen Tiguan","2022","September",123),
("Volkswagen","Tiguan","Volkswagen Tiguan","2022","October",83),
("Volkswagen","Tiguan","Volkswagen Tiguan","2022","November",76),
("Volkswagen","Tiguan","Volkswagen Tiguan","2022","December",130),
("Volkswagen","Virtus","Volkswagen Virtus","2022","January",0),
("Volkswagen","Virtus","Volkswagen Virtus","2022","February",0),
("Volkswagen","Virtus","Volkswagen Virtus","2022","March",0),
("Volkswagen","Virtus","Volkswagen Virtus","2022","April",0),
("Volkswagen","Virtus","Volkswagen Virtus","2022","May",2177),
("Volkswagen","Virtus","Volkswagen Virtus","2022","June",1850),
("Volkswagen","Virtus","Volkswagen Virtus","2022","July",1338),
("Volkswagen","Virtus","Volkswagen Virtus","2022","August",873),
("Volkswagen","Virtus","Volkswagen Virtus","2022","September",1986),
("Volkswagen","Virtus","Volkswagen Virtus","2022","October",1072),
("Volkswagen","Virtus","Volkswagen Virtus","2022","November",1515),
("Volkswagen","Virtus","Volkswagen Virtus","2022","December",1888),
("Volkswagen","Polo","Volkswagen Polo","2022","January",891),
("Volkswagen","Polo","Volkswagen Polo","2022","February",1233),
("Volkswagen","Polo","Volkswagen Polo","2022","March",1086),
("Volkswagen","Polo","Volkswagen Polo","2022","April",728),
("Volkswagen","Polo","Volkswagen Polo","2022","May",0),
("Volkswagen","Polo","Volkswagen Polo","2022","June",25),
("Volkswagen","Polo","Volkswagen Polo","2022","July",3),
("Volkswagen","Polo","Volkswagen Polo","2022","August",0),
("Volkswagen","Polo","Volkswagen Polo","2022","September",0),
("Volkswagen","Polo","Volkswagen Polo","2022","October",0),
("Volkswagen","Polo","Volkswagen Polo","2022","November",0),
("Volkswagen","Polo","Volkswagen Polo","2022","December",0),
("Volkswagen","Vento","Volkswagen Vento","2022","January",139),
("Volkswagen","Vento","Volkswagen Vento","2022","February",277),
("Volkswagen","Vento","Volkswagen Vento","2022","March",175),
("Volkswagen","Vento","Volkswagen Vento","2022","April",57),
("Volkswagen","Vento","Volkswagen Vento","2022","May",4),
("Volkswagen","Vento","Volkswagen Vento","2022","June",53),
("Volkswagen","Vento","Volkswagen Vento","2022","July",42),
("Volkswagen","Vento","Volkswagen Vento","2022","August",10),
("Volkswagen","Vento","Volkswagen Vento","2022","September",0),
("Volkswagen","Vento","Volkswagen Vento","2022","October",0),
("Volkswagen","Vento","Volkswagen Vento","2022","November",0),
("Volkswagen","Vento","Volkswagen Vento","2022","December",0),
("Renault","Triber","Renault Triber","2022","January",2722),
("Renault","Triber","Renault Triber","2022","February",2397),
("Renault","Triber","Renault Triber","2022","March",3561),
("Renault","Triber","Renault Triber","2022","April",2910),
("Renault","Triber","Renault Triber","2022","May",2110),
("Renault","Triber","Renault Triber","2022","June",3346),
("Renault","Triber","Renault Triber","2022","July",3202),
("Renault","Triber","Renault Triber","2022","August",2667),
("Renault","Triber","Renault Triber","2022","September",3087),
("Renault","Triber","Renault Triber","2022","October",3199),
("Renault","Triber","Renault Triber","2022","November",2550),
("Renault","Triber","Renault Triber","2022","December",2203),
("Renault","Kiger","Renault Kiger","2022","January",3053),
("Renault","Kiger","Renault Kiger","2022","February",2247),
("Renault","Kiger","Renault Kiger","2022","March",2496),
("Renault","Kiger","Renault Kiger","2022","April",2618),
("Renault","Kiger","Renault Kiger","2022","May",1380),
("Renault","Kiger","Renault Kiger","2022","June",3411),
("Renault","Kiger","Renault Kiger","2022","July",2597),
("Renault","Kiger","Renault Kiger","2022","August",2641),
("Renault","Kiger","Renault Kiger","2022","September",2535),
("Renault","Kiger","Renault Kiger","2022","October",2685),
("Renault","Kiger","Renault Kiger","2022","November",2278),
("Renault","Kiger","Renault Kiger","2022","December",2096),
("Renault","Kwid","Renault Kwid","2022","January",2344),
("Renault","Kwid","Renault Kwid","2022","February",1924),
("Renault","Kwid","Renault Kwid","2022","March",2461),
("Renault","Kwid","Renault Kwid","2022","April",2066),
("Renault","Kwid","Renault Kwid","2022","May",1520),
("Renault","Kwid","Renault Kwid","2022","June",2560),
("Renault","Kwid","Renault Kwid","2022","July",1329),
("Renault","Kwid","Renault Kwid","2022","August",1704),
("Renault","Kwid","Renault Kwid","2022","September",2001),
("Renault","Kwid","Renault Kwid","2022","October",1894),
("Renault","Kwid","Renault Kwid","2022","November",1497),
("Renault","Kwid","Renault Kwid","2022","December",1827),
("Nissan","Kicks","Nissan Kicks","2022","January",150),
("Nissan","Kicks","Nissan Kicks","2022","February",158),
("Nissan","Kicks","Nissan Kicks","2022","March",65),
("Nissan","Kicks","Nissan Kicks","2022","April",144),
("Nissan","Kicks","Nissan Kicks","2022","May",211),
("Nissan","Kicks","Nissan Kicks","2022","June",184),
("Nissan","Kicks","Nissan Kicks","2022","July",84),
("Nissan","Kicks","Nissan Kicks","2022","August",89),
("Nissan","Kicks","Nissan Kicks","2022","September",108),
("Nissan","Kicks","Nissan Kicks","2022","October",242),
("Nissan","Kicks","Nissan Kicks","2022","November",3),
("Nissan","Kicks","Nissan Kicks","2022","December",0),
("Nissan","Magnite","Nissan Magnite","2022","January",3827),
("Nissan","Magnite","Nissan Magnite","2022","February",2059),
("Nissan","Magnite","Nissan Magnite","2022","March",2942),
("Nissan","Magnite","Nissan Magnite","2022","April",1966),
("Nissan","Magnite","Nissan Magnite","2022","May",1920),
("Nissan","Magnite","Nissan Magnite","2022","June",3331),
("Nissan","Magnite","Nissan Magnite","2022","July",3583),
("Nissan","Magnite","Nissan Magnite","2022","August",3194),
("Nissan","Magnite","Nissan Magnite","2022","September",3069),
("Nissan","Magnite","Nissan Magnite","2022","October",2819),
("Nissan","Magnite","Nissan Magnite","2022","November",2397),
("Nissan","Magnite","Nissan Magnite","2022","December",2020),
("Nissan","Redi-Go","Nissan Redi-Go","2022","January",273),
("Nissan","Redi-Go","Nissan Redi-Go","2022","February",239),
("Nissan","Redi-Go","Nissan Redi-Go","2022","March",0),
("Nissan","Redi-Go","Nissan Redi-Go","2022","April",0),
("Nissan","Redi-Go","Nissan Redi-Go","2022","May",0),
("Nissan","Redi-Go","Nissan Redi-Go","2022","June",0),
("Nissan","Redi-Go","Nissan Redi-Go","2022","July",0),
("Nissan","Redi-Go","Nissan Redi-Go","2022","August",0),
("Nissan","Redi-Go","Nissan Redi-Go","2022","September",0),
("Nissan","Redi-Go","Nissan Redi-Go","2022","October",0),
("Nissan","Redi-Go","Nissan Redi-Go","2022","November",0),
("Nissan","Redi-Go","Nissan Redi-Go","2022","December",0),
("MG","Hector","MG Hector","2022","January",2039),
("MG","Hector","MG Hector","2022","February",2102),
("MG","Hector","MG Hector","2022","March",2019),
("MG","Hector","MG Hector","2022","April",1448),
("MG","Hector","MG Hector","2022","May",1633),
("MG","Hector","MG Hector","2022","June",2402),
("MG","Hector","MG Hector","2022","July",1988),
("MG","Hector","MG Hector","2022","August",1917),
("MG","Hector","MG Hector","2022","September",2105),
("MG","Hector","MG Hector","2022","October",1630),
("MG","Hector","MG Hector","2022","November",1773),
("MG","Hector","MG Hector","2022","December",1575),
("MG","Gloster","MG Gloster","2022","January",143),
("MG","Gloster","MG Gloster","2022","February",151),
("MG","Gloster","MG Gloster","2022","March",152),
("MG","Gloster","MG Gloster","2022","April",83),
("MG","Gloster","MG Gloster","2022","May",51),
("MG","Gloster","MG Gloster","2022","June",151),
("MG","Gloster","MG Gloster","2022","July",252),
("MG","Gloster","MG Gloster","2022","August",185),
("MG","Gloster","MG Gloster","2022","September",311),
("MG","Gloster","MG Gloster","2022","October",179),
("MG","Gloster","MG Gloster","2022","November",106),
("MG","Gloster","MG Gloster","2022","December",111),
("MG","Astor","MG Astor","2022","January",2068),
("MG","Astor","MG Astor","2022","February",2275),
("MG","Astor","MG Astor","2022","March",2248),
("MG","Astor","MG Astor","2022","April",249),
("MG","Astor","MG Astor","2022","May",2022),
("MG","Astor","MG Astor","2022","June",1640),
("MG","Astor","MG Astor","2022","July",1362),
("MG","Astor","MG Astor","2022","August",1324),
("MG","Astor","MG Astor","2022","September",980),
("MG","Astor","MG Astor","2022","October",1774),
("MG","Astor","MG Astor","2022","November",1434),
("MG","Astor","MG Astor","2022","December",1687),
("Maruti Suzuki","Alto","Maruti Suzuki Alto","2022","January",12342),
("Maruti Suzuki","Alto","Maruti Suzuki Alto","2022","February",11551),
("Maruti Suzuki","Alto","Maruti Suzuki Alto","2022","March",7621),
("Maruti Suzuki","Alto","Maruti Suzuki Alto","2022","April",10443),
("Maruti Suzuki","Alto","Maruti Suzuki Alto","2022","May",12933),
("Maruti Suzuki","Alto","Maruti Suzuki Alto","2022","June",13790),
("Maruti Suzuki","Alto","Maruti Suzuki Alto","2022","July",9065),
("Maruti Suzuki","Alto","Maruti Suzuki Alto","2022","August",14388),
("Maruti Suzuki","Alto","Maruti Suzuki Alto","2022","September",24844),
("Maruti Suzuki","Alto","Maruti Suzuki Alto","2022","October",21260),
("Maruti Suzuki","Alto","Maruti Suzuki Alto","2022","November",15663),
("Maruti Suzuki","Alto","Maruti Suzuki Alto","2022","December",8648),
("Maruti Suzuki","Dzire","Maruti Suzuki Dzire","2022","January",14867),
("Maruti Suzuki","Dzire","Maruti Suzuki Dzire","2022","February",17438),
("Maruti Suzuki","Dzire","Maruti Suzuki Dzire","2022","March",18623),
("Maruti Suzuki","Dzire","Maruti Suzuki Dzire","2022","April",10701),
("Maruti Suzuki","Dzire","Maruti Suzuki Dzire","2022","May",11603),
("Maruti Suzuki","Dzire","Maruti Suzuki Dzire","2022","June",12597),
("Maruti Suzuki","Dzire","Maruti Suzuki Dzire","2022","July",13747),
("Maruti Suzuki","Dzire","Maruti Suzuki Dzire","2022","August",11868),
("Maruti Suzuki","Dzire","Maruti Suzuki Dzire","2022","September",9601),
("Maruti Suzuki","Dzire","Maruti Suzuki Dzire","2022","October",12321),
("Maruti Suzuki","Dzire","Maruti Suzuki Dzire","2022","November",14456),
("Maruti Suzuki","Dzire","Maruti Suzuki Dzire","2022","December",11997),
("Maruti Suzuki","Eeco","Maruti Suzuki Eeco","2022","January",10528),
("Maruti Suzuki","Eeco","Maruti Suzuki Eeco","2022","February",9190),
("Maruti Suzuki","Eeco","Maruti Suzuki Eeco","2022","March",9221),
("Maruti Suzuki","Eeco","Maruti Suzuki Eeco","2022","April",11154),
("Maruti Suzuki","Eeco","Maruti Suzuki Eeco","2022","May",10482),
("Maruti Suzuki","Eeco","Maruti Suzuki Eeco","2022","June",10130),
("Maruti Suzuki","Eeco","Maruti Suzuki Eeco","2022","July",13048),
("Maruti Suzuki","Eeco","Maruti Suzuki Eeco","2022","August",11999),
("Maruti Suzuki","Eeco","Maruti Suzuki Eeco","2022","September",12697),
("Maruti Suzuki","Eeco","Maruti Suzuki Eeco","2022","October",8861),
("Maruti Suzuki","Eeco","Maruti Suzuki Eeco","2022","November",7183),
("Maruti Suzuki","Eeco","Maruti Suzuki Eeco","2022","December",10581),
("Maruti Suzuki","Swift","Maruti Suzuki Swift","2022","January",19108),
("Maruti Suzuki","Swift","Maruti Suzuki Swift","2022","February",19202),
("Maruti Suzuki","Swift","Maruti Suzuki Swift","2022","March",13623),
("Maruti Suzuki","Swift","Maruti Suzuki Swift","2022","April",8898),
("Maruti Suzuki","Swift","Maruti Suzuki Swift","2022","May",14133),
("Maruti Suzuki","Swift","Maruti Suzuki Swift","2022","June",16213),
("Maruti Suzuki","Swift","Maruti Suzuki Swift","2022","July",17539),
("Maruti Suzuki","Swift","Maruti Suzuki Swift","2022","August",11275),
("Maruti Suzuki","Swift","Maruti Suzuki Swift","2022","September",11988),
("Maruti Suzuki","Swift","Maruti Suzuki Swift","2022","October",17231),
("Maruti Suzuki","Swift","Maruti Suzuki Swift","2022","November",15153),
("Maruti Suzuki","Swift","Maruti Suzuki Swift","2022","December",12061),
("Maruti Suzuki","Celerio","Maruti Suzuki Celerio","2022","January",8279),
("Maruti Suzuki","Celerio","Maruti Suzuki Celerio","2022","February",9896),
("Maruti Suzuki","Celerio","Maruti Suzuki Celerio","2022","March",6442),
("Maruti Suzuki","Celerio","Maruti Suzuki Celerio","2022","April",7066),
("Maruti Suzuki","Celerio","Maruti Suzuki Celerio","2022","May",6398),
("Maruti Suzuki","Celerio","Maruti Suzuki Celerio","2022","June",8683),
("Maruti Suzuki","Celerio","Maruti Suzuki Celerio","2022","July",6854),
("Maruti Suzuki","Celerio","Maruti Suzuki Celerio","2022","August",5852),
("Maruti Suzuki","Celerio","Maruti Suzuki Celerio","2022","September",5390),
("Maruti Suzuki","Celerio","Maruti Suzuki Celerio","2022","October",4296),
("Maruti Suzuki","Celerio","Maruti Suzuki Celerio","2022","November",2483),
("Maruti Suzuki","Celerio","Maruti Suzuki Celerio","2022","December",1090),
("Maruti Suzuki","Wagon R","Maruti Suzuki Wagon R","2022","January",20334),
("Maruti Suzuki","Wagon R","Maruti Suzuki Wagon R","2022","February",14669),
("Maruti Suzuki","Wagon R","Maruti Suzuki Wagon R","2022","March",24634),
("Maruti Suzuki","Wagon R","Maruti Suzuki Wagon R","2022","April",17766),
("Maruti Suzuki","Wagon R","Maruti Suzuki Wagon R","2022","May",16814),
("Maruti Suzuki","Wagon R","Maruti Suzuki Wagon R","2022","June",19190),
("Maruti Suzuki","Wagon R","Maruti Suzuki Wagon R","2022","July",22588),
("Maruti Suzuki","Wagon R","Maruti Suzuki Wagon R","2022","August",18398),
("Maruti Suzuki","Wagon R","Maruti Suzuki Wagon R","2022","September",20078),
("Maruti Suzuki","Wagon R","Maruti Suzuki Wagon R","2022","October",17945),
("Maruti Suzuki","Wagon R","Maruti Suzuki Wagon R","2022","November",14720),
("Maruti Suzuki","Wagon R","Maruti Suzuki Wagon R","2022","December",10181),
("Maruti Suzuki","Brezza","Maruti Suzuki Brezza","2022","January",9576),
("Maruti Suzuki","Brezza","Maruti Suzuki Brezza","2022","February",9256),
("Maruti Suzuki","Brezza","Maruti Suzuki Brezza","2022","March",12439),
("Maruti Suzuki","Brezza","Maruti Suzuki Brezza","2022","April",11764),
("Maruti Suzuki","Brezza","Maruti Suzuki Brezza","2022","May",10312),
("Maruti Suzuki","Brezza","Maruti Suzuki Brezza","2022","June",4404),
("Maruti Suzuki","Brezza","Maruti Suzuki Brezza","2022","July",9709),
("Maruti Suzuki","Brezza","Maruti Suzuki Brezza","2022","August",15193),
("Maruti Suzuki","Brezza","Maruti Suzuki Brezza","2022","September",15445),
("Maruti Suzuki","Brezza","Maruti Suzuki Brezza","2022","October",9941),
("Maruti Suzuki","Brezza","Maruti Suzuki Brezza","2022","November",11324),
("Maruti Suzuki","Brezza","Maruti Suzuki Brezza","2022","December",11200),
("Maruti Suzuki","Ertiga","Maruti Suzuki Ertiga","2022","January",11847),
("Maruti Suzuki","Ertiga","Maruti Suzuki Ertiga","2022","February",11649),
("Maruti Suzuki","Ertiga","Maruti Suzuki Ertiga","2022","March",7888),
("Maruti Suzuki","Ertiga","Maruti Suzuki Ertiga","2022","April",14889),
("Maruti Suzuki","Ertiga","Maruti Suzuki Ertiga","2022","May",12226),
("Maruti Suzuki","Ertiga","Maruti Suzuki Ertiga","2022","June",10423),
("Maruti Suzuki","Ertiga","Maruti Suzuki Ertiga","2022","July",9694),
("Maruti Suzuki","Ertiga","Maruti Suzuki Ertiga","2022","August",9314),
("Maruti Suzuki","Ertiga","Maruti Suzuki Ertiga","2022","September",9299),
("Maruti Suzuki","Ertiga","Maruti Suzuki Ertiga","2022","October",10494),
("Maruti Suzuki","Ertiga","Maruti Suzuki Ertiga","2022","November",13818),
("Maruti Suzuki","Ertiga","Maruti Suzuki Ertiga","2022","December",12273),
("Maruti Suzuki","S Presso","Maruti Suzuki S Presso","2022","January",6292),
("Maruti Suzuki","S Presso","Maruti Suzuki S Presso","2022","February",8140),
("Maruti Suzuki","S Presso","Maruti Suzuki S Presso","2022","March",7870),
("Maruti Suzuki","S Presso","Maruti Suzuki S Presso","2022","April",6694),
("Maruti Suzuki","S Presso","Maruti Suzuki S Presso","2022","May",4475),
("Maruti Suzuki","S Presso","Maruti Suzuki S Presso","2022","June",652),
("Maruti Suzuki","S Presso","Maruti Suzuki S Presso","2022","July",11267),
("Maruti Suzuki","S Presso","Maruti Suzuki S Presso","2022","August",7774),
("Maruti Suzuki","S Presso","Maruti Suzuki S Presso","2022","September",4730),
("Maruti Suzuki","S Presso","Maruti Suzuki S Presso","2022","October",3676),
("Maruti Suzuki","S Presso","Maruti Suzuki S Presso","2022","November",2588),
("Maruti Suzuki","S Presso","Maruti Suzuki S Presso","2022","December",1117),
("Maruti Suzuki","Ciaz","Maruti Suzuki Ciaz","2022","January",1666),
("Maruti Suzuki","Ciaz","Maruti Suzuki Ciaz","2022","February",1912),
("Maruti Suzuki","Ciaz","Maruti Suzuki Ciaz","2022","March",1834),
("Maruti Suzuki","Ciaz","Maruti Suzuki Ciaz","2022","April",579),
("Maruti Suzuki","Ciaz","Maruti Suzuki Ciaz","2022","May",586),
("Maruti Suzuki","Ciaz","Maruti Suzuki Ciaz","2022","June",1507),
("Maruti Suzuki","Ciaz","Maruti Suzuki Ciaz","2022","July",1379),
("Maruti Suzuki","Ciaz","Maruti Suzuki Ciaz","2022","August",1516),
("Maruti Suzuki","Ciaz","Maruti Suzuki Ciaz","2022","September",1359),
("Maruti Suzuki","Ciaz","Maruti Suzuki Ciaz","2022","October",1884),
("Maruti Suzuki","Ciaz","Maruti Suzuki Ciaz","2022","November",1554),
("Maruti Suzuki","Ciaz","Maruti Suzuki Ciaz","2022","December",1154),
("Maruti Suzuki","Ignis","Maruti Suzuki Ignis","2022","January",1993),
("Maruti Suzuki","Ignis","Maruti Suzuki Ignis","2022","February",4020),
("Maruti Suzuki","Ignis","Maruti Suzuki Ignis","2022","March",4472),
("Maruti Suzuki","Ignis","Maruti Suzuki Ignis","2022","April",3815),
("Maruti Suzuki","Ignis","Maruti Suzuki Ignis","2022","May",5029),
("Maruti Suzuki","Ignis","Maruti Suzuki Ignis","2022","June",4960),
("Maruti Suzuki","Ignis","Maruti Suzuki Ignis","2022","July",6130),
("Maruti Suzuki","Ignis","Maruti Suzuki Ignis","2022","August",5746),
("Maruti Suzuki","Ignis","Maruti Suzuki Ignis","2022","September",5750),
("Maruti Suzuki","Ignis","Maruti Suzuki Ignis","2022","October",4743),
("Maruti Suzuki","Ignis","Maruti Suzuki Ignis","2022","November",5087),
("Maruti Suzuki","Ignis","Maruti Suzuki Ignis","2022","December",5241),
("Maruti Suzuki","Grand Vitara","Maruti Suzuki Grand Vitara","2022","January",0),
("Maruti Suzuki","Grand Vitara","Maruti Suzuki Grand Vitara","2022","February",0),
("Maruti Suzuki","Grand Vitara","Maruti Suzuki Grand Vitara","2022","March",0),
("Maruti Suzuki","Grand Vitara","Maruti Suzuki Grand Vitara","2022","April",0),
("Maruti Suzuki","Grand Vitara","Maruti Suzuki Grand Vitara","2022","May",0),
("Maruti Suzuki","Grand Vitara","Maruti Suzuki Grand Vitara","2022","June",0),
("Maruti Suzuki","Grand Vitara","Maruti Suzuki Grand Vitara","2022","July",0),
("Maruti Suzuki","Grand Vitara","Maruti Suzuki Grand Vitara","2022","August",0),
("Maruti Suzuki","Grand Vitara","Maruti Suzuki Grand Vitara","2022","September",4769),
("Maruti Suzuki","Grand Vitara","Maruti Suzuki Grand Vitara","2022","October",8052),
("Maruti Suzuki","Grand Vitara","Maruti Suzuki Grand Vitara","2022","November",4433),
("Maruti Suzuki","Grand Vitara","Maruti Suzuki Grand Vitara","2022","December",6171),
("Maruti Suzuki","Baleno","Maruti Suzuki Baleno","2022","January",6791),
("Maruti Suzuki","Baleno","Maruti Suzuki Baleno","2022","February",12570),
("Maruti Suzuki","Baleno","Maruti Suzuki Baleno","2022","March",14520),
("Maruti Suzuki","Baleno","Maruti Suzuki Baleno","2022","April",10938),
("Maruti Suzuki","Baleno","Maruti Suzuki Baleno","2022","May",13970),
("Maruti Suzuki","Baleno","Maruti Suzuki Baleno","2022","June",16103),
("Maruti Suzuki","Baleno","Maruti Suzuki Baleno","2022","July",17960),
("Maruti Suzuki","Baleno","Maruti Suzuki Baleno","2022","August",18418),
("Maruti Suzuki","Baleno","Maruti Suzuki Baleno","2022","September",19369),
("Maruti Suzuki","Baleno","Maruti Suzuki Baleno","2022","October",17149),
("Maruti Suzuki","Baleno","Maruti Suzuki Baleno","2022","November",20945),
("Maruti Suzuki","Baleno","Maruti Suzuki Baleno","2022","December",16932),
("Maruti Suzuki","XL 6","Maruti Suzuki XL 6","2022","January",3085),
("Maruti Suzuki","XL 6","Maruti Suzuki XL 6","2022","February",3304),
("Maruti Suzuki","XL 6","Maruti Suzuki XL 6","2022","March",2000),
("Maruti Suzuki","XL 6","Maruti Suzuki XL 6","2022","April",4364),
("Maruti Suzuki","XL 6","Maruti Suzuki XL 6","2022","May",4085),
("Maruti Suzuki","XL 6","Maruti Suzuki XL 6","2022","June",3336),
("Maruti Suzuki","XL 6","Maruti Suzuki XL 6","2022","July",3870),
("Maruti Suzuki","XL 6","Maruti Suzuki XL 6","2022","August",2425),
("Maruti Suzuki","XL 6","Maruti Suzuki XL 6","2022","September",3061),
("Maruti Suzuki","XL 6","Maruti Suzuki XL 6","2022","October",2484),
("Maruti Suzuki","XL 6","Maruti Suzuki XL 6","2022","November",2988),
("Maruti Suzuki","XL 6","Maruti Suzuki XL 6","2022","December",3364),
("Maruti Suzuki","S Cross","Maruti Suzuki S Cross","2022","January",2116),
("Maruti Suzuki","S Cross","Maruti Suzuki S Cross","2022","February",1151),
("Maruti Suzuki","S Cross","Maruti Suzuki S Cross","2022","March",2674),
("Maruti Suzuki","S Cross","Maruti Suzuki S Cross","2022","April",2922),
("Maruti Suzuki","S Cross","Maruti Suzuki S Cross","2022","May",1428),
("Maruti Suzuki","S Cross","Maruti Suzuki S Cross","2022","June",697),
("Maruti Suzuki","S Cross","Maruti Suzuki S Cross","2022","July",0),
("Maruti Suzuki","S Cross","Maruti Suzuki S Cross","2022","August",0),
("Maruti Suzuki","S Cross","Maruti Suzuki S Cross","2022","September",0),
("Maruti Suzuki","S Cross","Maruti Suzuki S Cross","2022","October",0),
("Maruti Suzuki","S Cross","Maruti Suzuki S Cross","2022","November",0),
("Maruti Suzuki","S Cross","Maruti Suzuki S Cross","2022","December",0),
("PSA","Citroen C5 Aircross","PSA Citroen C5 Aircross","2022","January",0),
("PSA","Citroen C5 Aircross","PSA Citroen C5 Aircross","2022","February",0),
("PSA","Citroen C5 Aircross","PSA Citroen C5 Aircross","2022","March",0),
("PSA","Citroen C5 Aircross","PSA Citroen C5 Aircross","2022","April",51),
("PSA","Citroen C5 Aircross","PSA Citroen C5 Aircross","2022","May",24),
("PSA","Citroen C5 Aircross","PSA Citroen C5 Aircross","2022","June",17),
("PSA","Citroen C5 Aircross","PSA Citroen C5 Aircross","2022","July",25),
("PSA","Citroen C5 Aircross","PSA Citroen C5 Aircross","2022","August",25),
("PSA","Citroen C5 Aircross","PSA Citroen C5 Aircross","2022","September",32),
("PSA","Citroen C5 Aircross","PSA Citroen C5 Aircross","2022","October",15),
("PSA","Citroen C5 Aircross","PSA Citroen C5 Aircross","2022","November",21),
("PSA","Citroen C5 Aircross","PSA Citroen C5 Aircross","2022","December",19),
("PSA","Citroen C3","PSA Citroen C3","2022","January",0),
("PSA","Citroen C3","PSA Citroen C3","2022","February",0),
("PSA","Citroen C3","PSA Citroen C3","2022","March",0),
("PSA","Citroen C3","PSA Citroen C3","2022","April",0),
("PSA","Citroen C3","PSA Citroen C3","2022","May",0),
("PSA","Citroen C3","PSA Citroen C3","2022","June",60),
("PSA","Citroen C3","PSA Citroen C3","2022","July",550),
("PSA","Citroen C3","PSA Citroen C3","2022","August",825),
("PSA","Citroen C3","PSA Citroen C3","2022","September",1354),
("PSA","Citroen C3","PSA Citroen C3","2022","October",1180),
("PSA","Citroen C3","PSA Citroen C3","2022","November",804),
("PSA","Citroen C3","PSA Citroen C3","2022","December",913),
("M&M","Marazzo","M&M Marazzo","2022","January",0),
("M&M","Marazzo","M&M Marazzo","2022","February",147),
("M&M","Marazzo","M&M Marazzo","2022","March",279),
("M&M","Marazzo","M&M Marazzo","2022","April",168),
("M&M","Marazzo","M&M Marazzo","2022","May",127),
("M&M","Marazzo","M&M Marazzo","2022","June",124),
("M&M","Marazzo","M&M Marazzo","2022","July",213),
("M&M","Marazzo","M&M Marazzo","2022","August",45),
("M&M","Marazzo","M&M Marazzo","2022","September",162),
("M&M","Marazzo","M&M Marazzo","2022","October",213),
("M&M","Marazzo","M&M Marazzo","2022","November",201),
("M&M","Marazzo","M&M Marazzo","2022","December",171),
("M&M","Scorpio C&N","M&M Scorpio C&N","2022","January",3026),
("M&M","Scorpio C&N","M&M Scorpio C&N","2022","February",2610),
("M&M","Scorpio C&N","M&M Scorpio C&N","2022","March",6061),
("M&M","Scorpio C&N","M&M Scorpio C&N","2022","April",2712),
("M&M","Scorpio C&N","M&M Scorpio C&N","2022","May",4348),
("M&M","Scorpio C&N","M&M Scorpio C&N","2022","June",4131),
("M&M","Scorpio C&N","M&M Scorpio C&N","2022","July",3803),
("M&M","Scorpio C&N","M&M Scorpio C&N","2022","August",7056),
("M&M","Scorpio C&N","M&M Scorpio C&N","2022","September",9536),
("M&M","Scorpio C&N","M&M Scorpio C&N","2022","October",7438),
("M&M","Scorpio C&N","M&M Scorpio C&N","2022","November",6455),
("M&M","Scorpio C&N","M&M Scorpio C&N","2022","December",7003),
("M&M","Thar 4X4","M&M Thar 4X4","2022","January",4646),
("M&M","Thar 4X4","M&M Thar 4X4","2022","February",5072),
("M&M","Thar 4X4","M&M Thar 4X4","2022","March",3893),
("M&M","Thar 4X4","M&M Thar 4X4","2022","April",3152),
("M&M","Thar 4X4","M&M Thar 4X4","2022","May",3209),
("M&M","Thar 4X4","M&M Thar 4X4","2022","June",3640),
("M&M","Thar 4X4","M&M Thar 4X4","2022","July",3616),
("M&M","Thar 4X4","M&M Thar 4X4","2022","August",3793),
("M&M","Thar 4X4","M&M Thar 4X4","2022","September",4249),
("M&M","Thar 4X4","M&M Thar 4X4","2022","October",3666),
("M&M","Thar 4X4","M&M Thar 4X4","2022","November",3987),
("M&M","Thar 4X4","M&M Thar 4X4","2022","December",3374),
("M&M","XUV 300","M&M XUV 300","2022","January",4550),
("M&M","XUV 300","M&M XUV 300","2022","February",4511),
("M&M","XUV 300","M&M XUV 300","2022","March",4140),
("M&M","XUV 300","M&M XUV 300","2022","April",3909),
("M&M","XUV 300","M&M XUV 300","2022","May",5022),
("M&M","XUV 300","M&M XUV 300","2022","June",4754),
("M&M","XUV 300","M&M XUV 300","2022","July",5937),
("M&M","XUV 300","M&M XUV 300","2022","August",4322),
("M&M","XUV 300","M&M XUV 300","2022","September",6080),
("M&M","XUV 300","M&M XUV 300","2022","October",6282),
("M&M","XUV 300","M&M XUV 300","2022","November",5903),
("M&M","XUV 300","M&M XUV 300","2022","December",4850),
("M&M","Bolero Neo","M&M Bolero Neo","2022","January",3506),
("M&M","Bolero Neo","M&M Bolero Neo","2022","February",11045),
("M&M","Bolero Neo","M&M Bolero Neo","2022","March",6924),
("M&M","Bolero Neo","M&M Bolero Neo","2022","April",7686),
("M&M","Bolero Neo","M&M Bolero Neo","2022","May",8767),
("M&M","Bolero Neo","M&M Bolero Neo","2022","June",7884),
("M&M","Bolero Neo","M&M Bolero Neo","2022","July",7910),
("M&M","Bolero Neo","M&M Bolero Neo","2022","August",8246),
("M&M","Bolero Neo","M&M Bolero Neo","2022","September",8108),
("M&M","Bolero Neo","M&M Bolero Neo","2022","October",8772),
("M&M","Bolero Neo","M&M Bolero Neo","2022","November",7984),
("M&M","Bolero Neo","M&M Bolero Neo","2022","December",7311),
("M&M","XUV 700","M&M XUV 700","2022","January",4119),
("M&M","XUV 700","M&M XUV 700","2022","February",4138),
("M&M","XUV 700","M&M XUV 700","2022","March",6040),
("M&M","XUV 700","M&M XUV 700","2022","April",4494),
("M&M","XUV 700","M&M XUV 700","2022","May",5069),
("M&M","XUV 700","M&M XUV 700","2022","June",6022),
("M&M","XUV 700","M&M XUV 700","2022","July",6277),
("M&M","XUV 700","M&M XUV 700","2022","August",6010),
("M&M","XUV 700","M&M XUV 700","2022","September",6063),
("M&M","XUV 700","M&M XUV 700","2022","October",5815),
("M&M","XUV 700","M&M XUV 700","2022","November",5701),
("M&M","XUV 700","M&M XUV 700","2022","December",5623),
("M&M","KUV 100","M&M KUV 100","2022","January",1),
("M&M","KUV 100","M&M KUV 100","2022","February",1),
("M&M","KUV 100","M&M KUV 100","2022","March",2),
("M&M","KUV 100","M&M KUV 100","2022","April",0),
("M&M","KUV 100","M&M KUV 100","2022","May",0),
("M&M","KUV 100","M&M KUV 100","2022","June",0),
("M&M","KUV 100","M&M KUV 100","2022","July",0),
("M&M","KUV 100","M&M KUV 100","2022","August",0),
("M&M","KUV 100","M&M KUV 100","2022","September",55),
("M&M","KUV 100","M&M KUV 100","2022","October",53),
("M&M","KUV 100","M&M KUV 100","2022","November",2),
("M&M","KUV 100","M&M KUV 100","2022","December",1),
("M&M","Alturas","M&M Alturas","2022","January",0),
("M&M","Alturas","M&M Alturas","2022","February",27),
("M&M","Alturas","M&M Alturas","2022","March",41),
("M&M","Alturas","M&M Alturas","2022","April",47),
("M&M","Alturas","M&M Alturas","2022","May",90),
("M&M","Alturas","M&M Alturas","2022","June",65),
("M&M","Alturas","M&M Alturas","2022","July",91),
("M&M","Alturas","M&M Alturas","2022","August",44),
("M&M","Alturas","M&M Alturas","2022","September",64),
("M&M","Alturas","M&M Alturas","2022","October",40),
("M&M","Alturas","M&M Alturas","2022","November",0),
("M&M","Alturas","M&M Alturas","2022","December",0),
("KIA","Seltos","KIA Seltos","2022","January",11483),
("KIA","Seltos","KIA Seltos","2022","February",6575),
("KIA","Seltos","KIA Seltos","2022","March",8415),
("KIA","Seltos","KIA Seltos","2022","April",7506),
("KIA","Seltos","KIA Seltos","2022","May",5953),
("KIA","Seltos","KIA Seltos","2022","June",8388),
("KIA","Seltos","KIA Seltos","2022","July",8451),
("KIA","Seltos","KIA Seltos","2022","August",8652),
("KIA","Seltos","KIA Seltos","2022","September",11000),
("KIA","Seltos","KIA Seltos","2022","October",9777),
("KIA","Seltos","KIA Seltos","2022","November",9284),
("KIA","Seltos","KIA Seltos","2022","December",5995),
("KIA","Carnival","KIA Carnival","2022","January",357),
("KIA","Carnival","KIA Carnival","2022","February",283),
("KIA","Carnival","KIA Carnival","2022","March",328),
("KIA","Carnival","KIA Carnival","2022","April",355),
("KIA","Carnival","KIA Carnival","2022","May",239),
("KIA","Carnival","KIA Carnival","2022","June",285),
("KIA","Carnival","KIA Carnival","2022","July",288),
("KIA","Carnival","KIA Carnival","2022","August",274),
("KIA","Carnival","KIA Carnival","2022","September",333),
("KIA","Carnival","KIA Carnival","2022","October",301),
("KIA","Carnival","KIA Carnival","2022","November",419),
("KIA","Carnival","KIA Carnival","2022","December",88),
("KIA","Sonet","KIA Sonet","2022","January",6904),
("KIA","Sonet","KIA Sonet","2022","February",6154),
("KIA","Sonet","KIA Sonet","2022","March",6871),
("KIA","Sonet","KIA Sonet","2022","April",5404),
("KIA","Sonet","KIA Sonet","2022","May",7899),
("KIA","Sonet","KIA Sonet","2022","June",7455),
("KIA","Sonet","KIA Sonet","2022","July",7215),
("KIA","Sonet","KIA Sonet","2022","August",7838),
("KIA","Sonet","KIA Sonet","2022","September",9291),
("KIA","Sonet","KIA Sonet","2022","October",7614),
("KIA","Sonet","KIA Sonet","2022","November",7834),
("KIA","Sonet","KIA Sonet","2022","December",5772),
("KIA","Carens","KIA Carens","2022","January",575),
("KIA","Carens","KIA Carens","2022","February",5109),
("KIA","Carens","KIA Carens","2022","March",7008),
("KIA","Carens","KIA Carens","2022","April",5754),
("KIA","Carens","KIA Carens","2022","May",4612),
("KIA","Carens","KIA Carens","2022","June",7895),
("KIA","Carens","KIA Carens","2022","July",5978),
("KIA","Carens","KIA Carens","2022","August",5558),
("KIA","Carens","KIA Carens","2022","September",5233),
("KIA","Carens","KIA Carens","2022","October",5479),
("KIA","Carens","KIA Carens","2022","November",6360),
("KIA","Carens","KIA Carens","2022","December",3195),
("Honda","Amaze","Honda Amaze","2022","January",5395),
("Honda","Amaze","Honda Amaze","2022","February",3405),
("Honda","Amaze","Honda Amaze","2022","March",2988),
("Honda","Amaze","Honda Amaze","2022","April",4467),
("Honda","Amaze","Honda Amaze","2022","May",3709),
("Honda","Amaze","Honda Amaze","2022","June",3350),
("Honda","Amaze","Honda Amaze","2022","July",2767),
("Honda","Amaze","Honda Amaze","2022","August",3418),
("Honda","Amaze","Honda Amaze","2022","September",4082),
("Honda","Amaze","Honda Amaze","2022","October",5443),
("Honda","Amaze","Honda Amaze","2022","November",3890),
("Honda","Amaze","Honda Amaze","2022","December",3614),
("Honda","City","Honda City","2022","January",3950),
("Honda","City","Honda City","2022","February",2836),
("Honda","City","Honda City","2022","March",3255),
("Honda","City","Honda City","2022","April",2300),
("Honda","City","Honda City","2022","May",3628),
("Honda","City","Honda City","2022","June",3292),
("Honda","City","Honda City","2022","July",3149),
("Honda","City","Honda City","2022","August",3488),
("Honda","City","Honda City","2022","September",3420),
("Honda","City","Honda City","2022","October",3250),
("Honda","City","Honda City","2022","November",2711),
("Honda","City","Honda City","2022","December",3086),
("Honda","Jazz","Honda Jazz","2022","January",588),
("Honda","Jazz","Honda Jazz","2022","February",457),
("Honda","Jazz","Honda Jazz","2022","March",125),
("Honda","Jazz","Honda Jazz","2022","April",472),
("Honda","Jazz","Honda Jazz","2022","May",305),
("Honda","Jazz","Honda Jazz","2022","June",593),
("Honda","Jazz","Honda Jazz","2022","July",341),
("Honda","Jazz","Honda Jazz","2022","August",448),
("Honda","Jazz","Honda Jazz","2022","September",618),
("Honda","Jazz","Honda Jazz","2022","October",197),
("Honda","Jazz","Honda Jazz","2022","November",20),
("Honda","Jazz","Honda Jazz","2022","December",3),
("Honda","WRV","Honda WRV","2022","January",494),
("Honda","WRV","Honda WRV","2022","February",489),
("Honda","WRV","Honda WRV","2022","March",251),
("Honda","WRV","Honda WRV","2022","April",635),
("Honda","WRV","Honda WRV","2022","May",546),
("Honda","WRV","Honda WRV","2022","June",599),
("Honda","WRV","Honda WRV","2022","July",527),
("Honda","WRV","Honda WRV","2022","August",415),
("Honda","WRV","Honda WRV","2022","September",594),
("Honda","WRV","Honda WRV","2022","October",653),
("Honda","WRV","Honda WRV","2022","November",430),
("Honda","WRV","Honda WRV","2022","December",359),
("Hyundai","Creta","Hyundai Creta","2022","January",9869),
("Hyundai","Creta","Hyundai Creta","2022","February",9606),
("Hyundai","Creta","Hyundai Creta","2022","March",10523),
("Hyundai","Creta","Hyundai Creta","2022","April",12651),
("Hyundai","Creta","Hyundai Creta","2022","May",10973),
("Hyundai","Creta","Hyundai Creta","2022","June",13790),
("Hyundai","Creta","Hyundai Creta","2022","July",12625),
("Hyundai","Creta","Hyundai Creta","2022","August",12577),
("Hyundai","Creta","Hyundai Creta","2022","September",12866),
("Hyundai","Creta","Hyundai Creta","2022","October",11880),
("Hyundai","Creta","Hyundai Creta","2022","November",13321),
("Hyundai","Creta","Hyundai Creta","2022","December",10205),
("Hyundai","i20","Hyundai i20","2022","January",6505),
("Hyundai","i20","Hyundai i20","2022","February",5830),
("Hyundai","i20","Hyundai i20","2022","March",4693),
("Hyundai","i20","Hyundai i20","2022","April",4707),
("Hyundai","i20","Hyundai i20","2022","May",4463),
("Hyundai","i20","Hyundai i20","2022","June",7921),
("Hyundai","i20","Hyundai i20","2022","July",6873),
("Hyundai","i20","Hyundai i20","2022","August",7558),
("Hyundai","i20","Hyundai i20","2022","September",7275),
("Hyundai","i20","Hyundai i20","2022","October",7814),
("Hyundai","i20","Hyundai i20","2022","November",7236),
("Hyundai","i20","Hyundai i20","2022","December",4697),
("Hyundai","Grand i10 Nios","Hyundai Grand i10 Nios","2022","January",6841),
("Hyundai","Grand i10 Nios","Hyundai Grand i10 Nios","2022","February",8552),
("Hyundai","Grand i10 Nios","Hyundai Grand i10 Nios","2022","March",9687),
("Hyundai","Grand i10 Nios","Hyundai Grand i10 Nios","2022","April",9123),
("Hyundai","Grand i10 Nios","Hyundai Grand i10 Nios","2022","May",9138),
("Hyundai","Grand i10 Nios","Hyundai Grand i10 Nios","2022","June",8992),
("Hyundai","Grand i10 Nios","Hyundai Grand i10 Nios","2022","July",10000),
("Hyundai","Grand i10 Nios","Hyundai Grand i10 Nios","2022","August",9274),
("Hyundai","Grand i10 Nios","Hyundai Grand i10 Nios","2022","September",9459),
("Hyundai","Grand i10 Nios","Hyundai Grand i10 Nios","2022","October",8855),
("Hyundai","Grand i10 Nios","Hyundai Grand i10 Nios","2022","November",7961),
("Hyundai","Grand i10 Nios","Hyundai Grand i10 Nios","2022","December",8340),
("Hyundai","Verna","Hyundai Verna","2022","January",1622),
("Hyundai","Verna","Hyundai Verna","2022","February",1058),
("Hyundai","Verna","Hyundai Verna","2022","March",1586),
("Hyundai","Verna","Hyundai Verna","2022","April",781),
("Hyundai","Verna","Hyundai Verna","2022","May",1488),
("Hyundai","Verna","Hyundai Verna","2022","June",1703),
("Hyundai","Verna","Hyundai Verna","2022","July",1870),
("Hyundai","Verna","Hyundai Verna","2022","August",1734),
("Hyundai","Verna","Hyundai Verna","2022","September",1654),
("Hyundai","Verna","Hyundai Verna","2022","October",2179),
("Hyundai","Verna","Hyundai Verna","2022","November",2025),
("Hyundai","Verna","Hyundai Verna","2022","December",1538),
("Hyundai","Aura","Hyundai Aura","2022","January",3333),
("Hyundai","Aura","Hyundai Aura","2022","February",3668),
("Hyundai","Aura","Hyundai Aura","2022","March",3775),
("Hyundai","Aura","Hyundai Aura","2022","April",4035),
("Hyundai","Aura","Hyundai Aura","2022","May",3311),
("Hyundai","Aura","Hyundai Aura","2022","June",4102),
("Hyundai","Aura","Hyundai Aura","2022","July",4018),
("Hyundai","Aura","Hyundai Aura","2022","August",4378),
("Hyundai","Aura","Hyundai Aura","2022","September",4239),
("Hyundai","Aura","Hyundai Aura","2022","October",4248),
("Hyundai","Aura","Hyundai Aura","2022","November",3813),
("Hyundai","Aura","Hyundai Aura","2022","December",4156),
("Hyundai","Alcazar","Hyundai Alcazar","2022","January",3168),
("Hyundai","Alcazar","Hyundai Alcazar","2022","February",2516),
("Hyundai","Alcazar","Hyundai Alcazar","2022","March",2502),
("Hyundai","Alcazar","Hyundai Alcazar","2022","April",2422),
("Hyundai","Alcazar","Hyundai Alcazar","2022","May",1947),
("Hyundai","Alcazar","Hyundai Alcazar","2022","June",1986),
("Hyundai","Alcazar","Hyundai Alcazar","2022","July",2888),
("Hyundai","Alcazar","Hyundai Alcazar","2022","August",2304),
("Hyundai","Alcazar","Hyundai Alcazar","2022","September",2643),
("Hyundai","Alcazar","Hyundai Alcazar","2022","October",2847),
("Hyundai","Alcazar","Hyundai Alcazar","2022","November",2566),
("Hyundai","Alcazar","Hyundai Alcazar","2022","December",1478),
("Hyundai","Tuscon","Hyundai Tuscon","2022","January",48),
("Hyundai","Tuscon","Hyundai Tuscon","2022","February",172),
("Hyundai","Tuscon","Hyundai Tuscon","2022","March",109),
("Hyundai","Tuscon","Hyundai Tuscon","2022","April",47),
("Hyundai","Tuscon","Hyundai Tuscon","2022","May",1),
("Hyundai","Tuscon","Hyundai Tuscon","2022","June",0),
("Hyundai","Tuscon","Hyundai Tuscon","2022","July",170),
("Hyundai","Tuscon","Hyundai Tuscon","2022","August",343),
("Hyundai","Tuscon","Hyundai Tuscon","2022","September",419),
("Hyundai","Tuscon","Hyundai Tuscon","2022","October",487),
("Hyundai","Tuscon","Hyundai Tuscon","2022","November",247),
("Hyundai","Tuscon","Hyundai Tuscon","2022","December",12),
("Hyundai","Venue","Hyundai Venue","2022","January",11377),
("Hyundai","Venue","Hyundai Venue","2022","February",10212),
("Hyundai","Venue","Hyundai Venue","2022","March",9220),
("Hyundai","Venue","Hyundai Venue","2022","April",8392),
("Hyundai","Venue","Hyundai Venue","2022","May",8300),
("Hyundai","Venue","Hyundai Venue","2022","June",10321),
("Hyundai","Venue","Hyundai Venue","2022","July",12000),
("Hyundai","Venue","Hyundai Venue","2022","August",11240),
("Hyundai","Venue","Hyundai Venue","2022","September",11033),
("Hyundai","Venue","Hyundai Venue","2022","October",9585),
("Hyundai","Venue","Hyundai Venue","2022","November",10738),
("Hyundai","Venue","Hyundai Venue","2022","December",8285),
("Hyundai","Santro","Hyundai Santro","2022","January",1252),
("Hyundai","Santro","Hyundai Santro","2022","February",2393),
("Hyundai","Santro","Hyundai Santro","2022","March",2494),
("Hyundai","Santro","Hyundai Santro","2022","April",1793),
("Hyundai","Santro","Hyundai Santro","2022","May",2608),
("Hyundai","Santro","Hyundai Santro","2022","June",7),
("Hyundai","Santro","Hyundai Santro","2022","July",3),
("Hyundai","Santro","Hyundai Santro","2022","August",0),
("Hyundai","Santro","Hyundai Santro","2022","September",0),
("Hyundai","Santro","Hyundai Santro","2022","October",0),
("Hyundai","Santro","Hyundai Santro","2022","November",0),
("Hyundai","Santro","Hyundai Santro","2022","December",0),
("Fiat","Jeep Compass","Fiat Jeep Compass","2022","January",861),
("Fiat","Jeep Compass","Fiat Jeep Compass","2022","February",1020),
("Fiat","Jeep Compass","Fiat Jeep Compass","2022","March",1270),
("Fiat","Jeep Compass","Fiat Jeep Compass","2022","April",886),
("Fiat","Jeep Compass","Fiat Jeep Compass","2022","May",928),
("Fiat","Jeep Compass","Fiat Jeep Compass","2022","June",892),
("Fiat","Jeep Compass","Fiat Jeep Compass","2022","July",710),
("Fiat","Jeep Compass","Fiat Jeep Compass","2022","August",921),
("Fiat","Jeep Compass","Fiat Jeep Compass","2022","September",609),
("Fiat","Jeep Compass","Fiat Jeep Compass","2022","October",732),
("Fiat","Jeep Compass","Fiat Jeep Compass","2022","November",550),
("Fiat","Jeep Compass","Fiat Jeep Compass","2022","December",484),
("Fiat","Jeep Meridian","Fiat Jeep Meridian","2022","January",0),
("Fiat","Jeep Meridian","Fiat Jeep Meridian","2022","February",0),
("Fiat","Jeep Meridian","Fiat Jeep Meridian","2022","March",0),
("Fiat","Jeep Meridian","Fiat Jeep Meridian","2022","April",0),
("Fiat","Jeep Meridian","Fiat Jeep Meridian","2022","May",0),
("Fiat","Jeep Meridian","Fiat Jeep Meridian","2022","June",1071),
("Fiat","Jeep Meridian","Fiat Jeep Meridian","2022","July",440),
("Fiat","Jeep Meridian","Fiat Jeep Meridian","2022","August",400),
("Fiat","Jeep Meridian","Fiat Jeep Meridian","2022","September",507),
("Fiat","Jeep Meridian","Fiat Jeep Meridian","2022","October",404),
("Fiat","Jeep Meridian","Fiat Jeep Meridian","2022","November",344),
("Fiat","Jeep Meridian","Fiat Jeep Meridian","2022","December",285);
select * from sales_2022;

# Table Vehicle Details
create table Vehicle_Details
(OEM varchar(100), Model_Name varchar(200), Segment varchar(5), Body_Type varchar(100), Subbody_Type varchar(300),
Seating_Capacity int, Length_MM int, Ground_Clearance_MM int);
insert into Vehicle_Details
values
("TATA","Nexon","B2","SUV","Sub Compact SUV",5,3993,209),
("TATA","Punch","B1","SUV","Mini SUV",5,3827,190),
("TATA","Tiago","B1","Hatchback","Small Hatchback",5,3765,168),
("TATA","Altroz","B2","Hatchback","Hatchback",5,3990,165),
("TATA","Tigor","B2","Sedan","Small Sedan",5,3993,170),
("TATA","Harrier","C2","SUV","Mid Size SUV",5,4598,205),
("TATA","Safari","D1","SUV","Mid Size SUV",7,4661,199),
("Toyota","Camry","D2","Sedan","Sedan",5,4885,160),
("Toyota","Fortuner","D1","SUV","Full Size SUV",7,4795,223),
("Toyota","Vellfire","D2","MPV","Full Size MPV",7,4935,160),
("Toyota","Hilux","D2","Truck","Pickup Truck",5,5325,216),
("Toyota","Glanza","B2","Hatchback","Hatchback",5,3990,170),
("Toyota","UC Hyryder","C1","SUV","Compact SUV",5,4365,210),
("Toyota","Innova Crysta","D1","MPV","MPV",8,4735,178),
("Toyota","Urban Cruiser","B2","SUV","Sub Compact SUV",5,3995,198),
("Skoda","Octavia","D1","Sedan","Sedan",5,4689,137),
("Skoda","Superb","D2","Sedan","Sedan",5,4869,156),
("Skoda","Kodiaq","D1","SUV","SUV",7,4699,192),
("Skoda","Kusahq","C1","SUV","Compact SUV",5,4225,188),
("Skoda","Slavia","C2","Sedan","Sedan",5,4541,179),
("Volkwagen","Taigun","C1","SUV","Compact SUV",5,4221,188),
("Volkwagen","Tiguan","C2","SUV","Mid Size SUV",5,4509,615),
("Volkwagen","Virtus","C2","Sedan","Sedan",5,4561,179),
("Volkwagen","Polo","B2","Hatchback","Hatchback",5,3971,165),
("Volkwagen","Vento","C1","Sedan","Sedan",5,4390,163),
("Renault","Triber","B2","MPV","Small MPV",7,3991,182),
("Renault","Kiger","B2","SUV","Sub Compact SUV",5,3991,205),
("Renault","Kwid","A","Hatchback","Mini Hatchback",5,3731,184),
("Nissan","Kicks","C1","SUV","Compact SUV",5,4384,210),
("Nissan","Magnite","B2","SUV","Sub Compact SUV",5,3994,205),
("Nissan","Redi Go","A","Hatchback","Mini Hatchback",5,3435,187),
("MG","Hector","D1","SUV","SUV",5,4699,192),
("MG","Gloster","D2","SUV","Full Size SUV",7,4985,210),
("MG","Astor","C1","SUV","Compact SUV",5,4323,180),
("Maruti Suzuki","Alto","A","Hatchback","Mini Hatchback",5,3445,160),
("Maruti Suzuki","Dzire","B2","Sedan","Small Sedan",5,3995,160),
("Maruti Suzuki","Eeco","A","MUV","MUV",7,3675,160),
("Maruti Suzuki","Swift","B1","Hatchback","Small Hatchback",5,3845,163),
("Maruti Suzuki","Celerio","A","Hatchback","Mini Hatchback",5,3695,170),
("Maruti Suzuki","Wagon R","A","Hatchback","Mini Hatchback",5,3655,165),
("Maruti Suzuki","Brezza","B2","SUV","Sub Compact SUV",5,3995,198),
("Maruti Suzuki","Ertiga","C1","MPV","Small MPV",7,4395,185),
("Maruti Suzuki","S Presso","A","SUV","Micro SUV",5,3565,180),
("Maruti Suzuki","Ciaz","C2","Sedan","Sedan",5,4490,170),
("Maruti Suzuki","Ignis","B1","Hatchback","Small Hatchback",5,3700,180),
("Maruti Suzuki","Grand Vitara","C1","SUV","Compact SUV",5,4345,210),
("Maruti Suzuki","Baleno","B2","Hatchback","Hatchback",5,3990,170),
("Maruti Suzuki","XL 6","C2","SUV","Mid Size SUV",7,4445,180),
("Maruti Suzuki","S Cross","C1","Crossover","Crossover",5,4300,180),
("PSA","Citroen C5 Aircross","C2","SUV","Mid Size SUV",5,4500,230),
("PSA","Citroen C3","B2","SUV","Sub Compact SUV",5,3981,180),
("M&M","Marazzo","C2","MPV","Mid Size MPV",5,4585,200),
("M&M","Scorpio C&N","D1","SUV","SUV",7,4662,187),
("M&M","Thar","B2","SUV","Compact SUV",4,3985,226),
("M&M","XUV 300","B2","SUV","Sub Compact SUV",5,3995,180),
("M&M","Bolero Neo","B2","SUV","Compact SUV",7,3995,180),
("M&M","XUV 700","D1","SUV","SUV",7,4695,200),
("M&M","KUV 100","A","SUV","Micro SUV",5,3675,170),
("M&M","Alturus","D2","SUV","Full Size SUV",7,4850,180),
("KIA","Seltos","C1","SUV","Compact SUV",5,4315,190),
("KIA","Carnival","D2","MPV","Full Size MPV",7,5115,180),
("KIA","Sonet","B2","SUV","Sub Compact SUV",5,3995,211),
("KIA","Carens","C2","SUV","Mid Size SUV",7,4540,195),
("Honda","Amaze","B2","Sedan","Small Sedan",5,3995,170),
("Honda","City","C2","Sedan","Sedan",5,4583,165),
("Honda","Jazz","B2","Hatchback","Hatchback",5,3989,165),
("Honda","WRV","B2","SUV","Sub Compact SUV",5,3999,188),
("Hyundai","Creta","C1","SUV","Compact SUV",5,4300,190),
("Hyundai","i20","B2","Hatchback","Hatchback",5,3995,190),
("Hyundai","Grand i10 Nios","B1","Hatchback","Small Hatchback",5,3815,165),
("Hyundai","Verna","C2","Sedan","Sedan",5,4535,165),
("Hyundai","Aura","B2","Sedan","Small Sedan",5,3995,165),
("Hyundai","Alcazar","C2","SUV","Mid Size SUV",6,4500,200),
("Hyundai","Tuscon","D1","SUV","SUV",5,4630,192),
("Hyundai","Venue","B2","SUV","Sub Compact SUV",5,3995,195),
("Hyundai","Santro","A","Hatchback","Mini Hatchback",5,3610,17),
("Fiat","Jeep Compass","C2","SUV","Mid Size SUV",5,4405,178),
("Fiat","Jeep Meridian","D1","SUV","SUV",7,4769,214);
select * from vehicle_details;

# Table Vehicle Engine
create table Vehicle_Engine
(Model varchar(100), Fuel_Type varchar(30), Engine_CC int);
insert into Vehicle_Engine
values
("Nexon","Petrol",1199),
("Nexon","Diesel",1497),
("Punch","Petrol",1199),
("Tiago","Petrol",1199),
("Tiago","CNG",1199),
("Altroz","Petrol",1199),
("Altroz","Diesel",1497),
("Tigor","Petrol",1199),
("Tigor","CNG",1199),
("Harrier","Diesel",1956),
("Safari","Diesel",1956),
("Camry","Petrol",2487),
("Fortuner","Petrol",2694),
("Fortuner","Diesel",2755),
("Velllfire","Petrol",2494),
("Hilux","Diesel",2755),
("Glanza","Petrol",1197),
("Glanza","CNG",1197),
("UC Hyryder","Petrol",1462),
("UC Hyryder","Petrol",1490),
("UC Hyryder","CNG",1462),
("Innova Crysta","Petrol",2694),
("Innova Crysta","Diesel",2393),
("Urban Cruiser","Petrol",1462),
("Octavia","Petrol",1984),
("Superb","Petrol",1984),
("Kodiaq","Petrol",1984),
("Kusahq","Petrol",999),
("Kusahq","Petrol",1498),
("Slavia","Petrol",999),
("Slavia","Petrol",1498),
("Taigun","Petrol",999),
("Taigun","Petrol",1498),
("Tiguan","Petrol",1984),
("Virtus","Petrol",999),
("Virtus","Petrol",1498),
("Polo","Petrol",999),
("Vento","Petrol",999),
("Triber","Petrol",999),
("Kiger","Petrol",999),
("Kwid","Petrol",999),
("Kicks","Petrol",1498),
("Kicks","Petrol",1330),
("Magnite","Petrol",999),
("Redi Go","Petrol",799),
("Hector","Petrol",1451),
("Hector","Diesel",1956),
("Gloster","Diesel",1996),
("Astor","Petrol",1498),
("Alto","Petrol",998),
("Alto","CNG",998),
("Dzire","Petrol",1197),
("Dzire","CNG",1197),
("Eeco","Petrol",1197),
("Eeco","CNG",1197),
("Swift","Petrol",1197),
("Swift","CNG",1197),
("Celerio","Petrol",998),
("Celerio","CNG",998),
("Wagon R","Petrol",998),
("Wagon R","Petrol",1197),
("Wagon R","CNG",998),
("Brezza","Petrol",1462),
("Ertiga","Petrol",1462),
("Ertiga","CNG",1462),
("S Presso","Petrol",998),
("S Presso","CNG",998),
("Ciaz","Petrol",1462),
("Ignis","Petrol",1197),
("Grand Vitara","Petrol",1462),
("Grand Vitara","Petrol",1490),
("Grand Vitara","Petrol",1462),
("Grand Vitara","CNG",1462),
("Baleno","Petrol",1197),
("Baleno","CNG",1197),
("XL 6","Petrol",1462),
("XL 6","CNG",1462),
("S Cross","Petrol",1462),
("Citroen C5 Aircross","Diesel",1997),
("Citroen C3","Petrol",1199),
("Marazzo","Diesel",1497),
("Scorpio","Petrol",1997),
("Scorpio","Diesel",2198),
("Scorpio","Diesel",2184),
("Thar","Diesel",1497),
("Thar","Diesel",2184),
("Thar","Petrol",1997),
("XUV 300","Petrol",1197),
("XUV 300","Diesel",1497),
("Bolero Neo","Diesel",1493),
("XUV 700","Petrol",1999),
("XUV 700","Diesel",2198),
("KUV 100","Petrol",1198),
("Alturus","Diesel",2157),
("Sonet","Petrol",1197),
("Sonet","Diesel",1493),
("Sonet","Petrol",998),
("Carens","Petrol",1497),
("Carens","Diesel",1493),
("Carens","Petrol",1482),
("Seltos","Petrol",1497),
("Seltos","Diesel",1493),
("Seltos","Diesel",1497),
("Amaze","Petrol",1199),
("City","Petrol",1498),
("Jazz","Petrol",1199),
("WRV","Petrol",1199),
("WRV","Diesel",1498),
("Creta","Petrol",1497),
("Creta","Diesel",1493),
("Creta","Petrol",1353),
("i20","Petrol",1197),
("i20","Petrol",998),
("Grand i10 Nios","Petrol",1197),
("Grand i10 Nios","CNG",1197),
("Verna","Petrol",1497),
("Aura","Petrol",1197),
("Aura","CNG",1197),
("Alcazar","Petrol",1482),
("Alcazar","Diesel",1493),
("Tuscon","Petrol",1999),
("Tuscon","Petrol",1999),
("Venue","Petrol",1197),
("Venue","Petrol",998),
("Venue","Diesel",1493),
("Santro","Petrol",1086),
("Santro","CNG",1086),
("Jeep Compass","Diesel",1956),
("Jeep Compass","Petrol",1368),
("Jeep Meridian","Diesel",1956);
select * from vehicle_engine;

# Table General Info
create table General_Info
(OEM varchar(100), Origin_Country varchar(100), Started_In_India year,
Founded_In_Year int, Parent_Company varchar(200), Parent_Country varchar(100));
insert into General_Info
values
("TATA","India","1945","1945","Tata Motors","India"),
("Toyota","Japan","1997","1937","Toyota Motors","Japan"),
("Volkswagen","Germany","2007","1937","Volkswagen AG","Germany"),
("Skoda","Czech Republic","2001","1925","Volkswagen AG","Germany"),
("Renault","France","2005","1899","Renault Group French Government","France"),
("Nissan","Japan","2005","1933","Nissan Motors","Japan"),
("MG","United Kingdom","2019","1920","SAIC Motor Corporation Limited","China"),
("Maruti Suzuki","Japan","1983","1954","Suzuki Motors","Japan"),
("PSA","France","2017","1976","Stellantis","Netherlands"),
("M&M","India","1945","1945","M&M Motors","India"),
("KIA","South Korea","2019","1944","Hyundai Motor Group","South Korea"),
("Honda","Japan","1995","1948","Honda Motors","Japan"),
("Hyundai","South Korea","1996","1967","Hyundai Motor Group","South Korea"),
("Fiat","Italy","1997","1899","Stellantis","Netherlands");
select * from general_info;

use carsales_india;
# Table Tax 2022
drop table tax_2022;
create table Tax_2022
(Sl_No int not null auto_increment, Tax_Description varchar(2000), GST int, Comensation_Cess int, Total_Tax_Percent int,
Engine_CC int, Fuel_Type varchar(20), Vehicle_Length int, Ground_Clearance int, unique(Sl_No));
insert into Tax_2022
values
(1,"Petrol/CNG/LPG car less than 1200cc and length less than 4 meters",28,1,29,1199,"Petrol",3999,170),
(2, "Petrol/CNG/LPG car less than 1200cc and length more than 4 meters",28,15,43,1201,"Diesel",4001,null),
(3, "Petrol/CNG/LPG car over 1200cc (irrespective of length)",28,22,50,1499,"CNG",null,null),
(4, "Diesel car less than 1500cc and length less than 4 meters",28,3,31,1501,"LPG",null,null),
(5, "Diesel car less than 1500cc and length more than 4 meters",28,20,48,null,"Electric",null,null),
(6, "Diesel car over 1500cc engine capacity, greater than 4 meters length and ground clearance of 170mm or more",
28,22,50,null,"Hybrid",null,null);
select * from tax_2022;

select * from calendar;
select * from carprice_2022;
select * from general_info;
select * from sales_2022;
select * from tax_2022;
select * from vehicle_details;
select * from vehicle_engine;

alter table tax_2022 change column Comensation_Cess Compensation_Cess decimal(3,2);







